customer_id,customer_name,country,signup_date,plan,monthly_fee,status,last_login_days,monthly_logins,feature_usage,unresolved_tickets,failed_payments,lifecycle_state,inactive_flag,engagement_flag,payment_flag,ticket_flag,risk_score,risk_band,revenue_at_risk,risk_rank,owner,sla_days,retention_action
90,Customer_90,India,2024-03-30,Premium,1999.0,Expired,56,1,3,3,2,At-Risk,1,1,1,1,100,High,1999.0,1,Retention Team,1,Immediate Customer Call
344,Customer_344,India,2024-12-09,Premium,1999.0,Active,73,3,88,3,2,At-Risk,1,1,1,1,100,High,1999.0,2,Retention Team,1,Immediate Customer Call
203,Customer_203,India,2024-07-21,Basic,999.0,Expired,97,3,61,3,2,Churned,1,1,1,1,100,High,999.0,3,Retention Team,1,Immediate Customer Call
390,Customer_390,India,2025-01-24,Premium,999.0,Active,96,3,33,3,3,Churned,1,1,1,1,100,High,999.0,4,Retention Team,1,Immediate Customer Call
427,Customer_427,USA,2025-03-02,Premium,999.0,Active,73,3,40,4,3,At-Risk,1,1,1,1,100,High,999.0,5,Retention Team,1,Immediate Customer Call
349,Customer_349,India,2024-12-14,Basic,499.0,Active,91,0,55,3,3,Churned,1,1,1,1,100,High,499.0,6,Retention Team,1,Immediate Customer Call
1,Customer_1,UK,2024-01-01,Premium,1999.0,Active,110,25,89,4,2,Churned,1,0,1,1,80,High,1599.2,7,Retention Team,1,Immediate Customer Call
3,Customer_3,UK,2024-01-03,Enterprise,1999.0,Active,74,33,43,3,3,At-Risk,1,0,1,1,80,High,1599.2,8,Retention Team,1,Immediate Customer Call
10,Customer_10,UK,2024-01-10,Basic,1999.0,Active,72,28,8,4,2,At-Risk,1,0,1,1,80,High,1599.2,9,Retention Team,1,Immediate Customer Call
29,Customer_29,UK,2024-01-29,Premium,1999.0,Expired,48,20,7,4,2,At-Risk,1,0,1,1,80,High,1599.2,10,Retention Team,1,Immediate Customer Call
42,Customer_42,UK,2024-02-11,Premium,1999.0,Active,47,18,94,4,1,At-Risk,1,0,1,1,80,High,1599.2,11,Retention Team,1,Immediate Customer Call
55,Customer_55,USA,2024-02-24,Basic,1999.0,Active,34,44,13,4,2,At-Risk,1,0,1,1,80,High,1599.2,12,Retention Team,1,Immediate Customer Call
119,Customer_119,UK,2024-04-28,Premium,1999.0,Active,88,16,91,3,1,At-Risk,1,0,1,1,80,High,1599.2,13,Retention Team,1,Immediate Customer Call
123,Customer_123,USA,2024-05-02,Premium,1999.0,Expired,80,24,16,3,1,At-Risk,1,0,1,1,80,High,1599.2,14,Retention Team,1,Immediate Customer Call
128,Customer_128,India,2024-05-07,Premium,1999.0,Expired,68,21,28,4,2,At-Risk,1,0,1,1,80,High,1599.2,15,Retention Team,1,Immediate Customer Call
141,Customer_141,UK,2024-05-20,Basic,1999.0,Active,97,48,25,4,2,Churned,1,0,1,1,80,High,1599.2,16,Retention Team,1,Immediate Customer Call
148,Customer_148,UK,2024-05-27,Basic,1999.0,Active,108,20,57,3,1,Churned,1,0,1,1,80,High,1599.2,17,Retention Team,1,Immediate Customer Call
164,Customer_164,USA,2024-06-12,Premium,1999.0,Expired,73,28,59,4,2,At-Risk,1,0,1,1,80,High,1599.2,18,Retention Team,1,Immediate Customer Call
178,Customer_178,USA,2024-06-26,Basic,1999.0,Active,39,12,40,3,1,At-Risk,1,0,1,1,80,High,1599.2,19,Retention Team,1,Immediate Customer Call
181,Customer_181,India,2024-06-29,Basic,1999.0,Active,75,36,26,4,2,At-Risk,1,0,1,1,80,High,1599.2,20,Retention Team,1,Immediate Customer Call
204,Customer_204,USA,2024-07-22,Basic,1999.0,Active,70,39,36,3,3,At-Risk,1,0,1,1,80,High,1599.2,21,Retention Team,1,Immediate Customer Call
205,Customer_205,USA,2024-07-23,Premium,1999.0,Active,41,34,40,4,3,At-Risk,1,0,1,1,80,High,1599.2,22,Retention Team,1,Immediate Customer Call
216,Customer_216,USA,2024-08-03,Premium,1999.0,Active,32,26,99,3,2,At-Risk,1,0,1,1,80,High,1599.2,23,Retention Team,1,Immediate Customer Call
235,Customer_235,India,2024-08-22,Enterprise,1999.0,Active,35,5,35,4,2,At-Risk,1,0,1,1,80,High,1599.2,24,Retention Team,1,Immediate Customer Call
242,Customer_242,India,2024-08-29,Premium,1999.0,Expired,44,9,48,3,2,At-Risk,1,0,1,1,80,High,1599.2,25,Retention Team,1,Immediate Customer Call
247,Customer_247,UK,2024-09-03,Basic,1999.0,Active,93,37,73,3,3,Churned,1,0,1,1,80,High,1599.2,26,Retention Team,1,Immediate Customer Call
301,Customer_301,UK,2024-10-27,Premium,1999.0,Active,85,5,25,4,2,At-Risk,1,0,1,1,80,High,1599.2,27,Retention Team,1,Immediate Customer Call
320,Customer_320,USA,2024-11-15,Enterprise,1999.0,Active,86,12,56,3,3,At-Risk,1,0,1,1,80,High,1599.2,28,Retention Team,1,Immediate Customer Call
330,Customer_330,UK,2024-11-25,Premium,1999.0,Expired,82,34,97,3,1,At-Risk,1,0,1,1,80,High,1599.2,29,Retention Team,1,Immediate Customer Call
335,Customer_335,UK,2024-11-30,Enterprise,1999.0,Active,106,36,64,4,2,Churned,1,0,1,1,80,High,1599.2,30,Retention Team,1,Immediate Customer Call
363,Customer_363,USA,2024-12-28,Enterprise,1999.0,Active,95,23,76,4,3,Churned,1,0,1,1,80,High,1599.2,31,Retention Team,1,Immediate Customer Call
453,Customer_453,USA,2025-03-28,Basic,1999.0,Active,63,47,73,3,2,At-Risk,1,0,1,1,80,High,1599.2,32,Retention Team,1,Immediate Customer Call
455,Customer_455,India,2025-03-30,Premium,1999.0,Active,99,9,30,3,2,Churned,1,0,1,1,80,High,1599.2,33,Retention Team,1,Immediate Customer Call
467,Customer_467,India,2025-04-11,Enterprise,1999.0,Active,62,34,75,3,1,At-Risk,1,0,1,1,80,High,1599.2,34,Retention Team,1,Immediate Customer Call
468,Customer_468,USA,2025-04-12,Enterprise,1999.0,Active,91,48,48,4,3,Churned,1,0,1,1,80,High,1599.2,35,Retention Team,1,Immediate Customer Call
491,Customer_491,USA,2025-05-05,Premium,1999.0,Active,36,24,92,4,2,At-Risk,1,0,1,1,80,High,1599.2,36,Retention Team,1,Immediate Customer Call
495,Customer_495,USA,2025-05-09,Premium,1999.0,Active,60,32,91,3,1,At-Risk,1,0,1,1,80,High,1599.2,37,Retention Team,1,Immediate Customer Call
499,Customer_499,USA,2025-05-13,Enterprise,1999.0,Active,52,38,64,4,3,At-Risk,1,0,1,1,80,High,1599.2,38,Retention Team,1,Immediate Customer Call
8,Customer_8,USA,2024-01-08,Enterprise,999.0,Expired,85,40,12,3,1,At-Risk,1,0,1,1,80,High,799.2,39,Retention Team,1,Immediate Customer Call
11,Customer_11,UK,2024-01-11,Enterprise,999.0,Active,48,37,24,3,3,At-Risk,1,0,1,1,80,High,799.2,40,Retention Team,1,Immediate Customer Call
15,Customer_15,USA,2024-01-15,Basic,999.0,Active,117,12,85,3,1,Churned,1,0,1,1,80,High,799.2,41,Retention Team,1,Immediate Customer Call
26,Customer_26,India,2024-01-26,Basic,999.0,Active,100,9,70,4,1,Churned,1,0,1,1,80,High,799.2,42,Retention Team,1,Immediate Customer Call
35,Customer_35,UK,2024-02-04,Basic,999.0,Active,43,7,33,3,1,At-Risk,1,0,1,1,80,High,799.2,43,Retention Team,1,Immediate Customer Call
69,Customer_69,USA,2024-03-09,Enterprise,999.0,Active,106,18,34,3,1,Churned,1,0,1,1,80,High,799.2,44,Retention Team,1,Immediate Customer Call
70,Customer_70,India,2024-03-10,Basic,999.0,Active,36,6,26,3,1,At-Risk,1,0,1,1,80,High,799.2,45,Retention Team,1,Immediate Customer Call
84,Customer_84,India,2024-03-24,Basic,999.0,Active,74,16,47,3,2,At-Risk,1,0,1,1,80,High,799.2,46,Retention Team,1,Immediate Customer Call
85,Customer_85,India,2024-03-25,Basic,999.0,Expired,39,30,73,4,3,At-Risk,1,0,1,1,80,High,799.2,47,Retention Team,1,Immediate Customer Call
94,Customer_94,UK,2024-04-03,Enterprise,999.0,Expired,42,48,90,4,2,At-Risk,1,0,1,1,80,High,799.2,48,Retention Team,1,Immediate Customer Call
97,Customer_97,India,2024-04-06,Enterprise,999.0,Active,84,13,90,4,2,At-Risk,1,0,1,1,80,High,799.2,49,Retention Team,1,Immediate Customer Call
99,Customer_99,India,2024-04-08,Enterprise,999.0,Active,118,40,33,3,2,Churned,1,0,1,1,80,High,799.2,50,Retention Team,1,Immediate Customer Call
101,Customer_101,UK,2024-04-10,Basic,999.0,Active,54,49,35,3,3,At-Risk,1,0,1,1,80,High,799.2,51,Retention Team,1,Immediate Customer Call
104,Customer_104,India,2024-04-13,Enterprise,999.0,Active,45,35,41,4,2,At-Risk,1,0,1,1,80,High,799.2,52,Retention Team,1,Immediate Customer Call
121,Customer_121,India,2024-04-30,Basic,999.0,Active,72,17,33,4,2,At-Risk,1,0,1,1,80,High,799.2,53,Retention Team,1,Immediate Customer Call
146,Customer_146,UK,2024-05-25,Enterprise,999.0,Active,49,20,21,3,2,At-Risk,1,0,1,1,80,High,799.2,54,Retention Team,1,Immediate Customer Call
182,Customer_182,UK,2024-06-30,Premium,999.0,Active,103,32,87,4,3,Churned,1,0,1,1,80,High,799.2,55,Retention Team,1,Immediate Customer Call
210,Customer_210,India,2024-07-28,Enterprise,999.0,Active,60,24,33,4,1,At-Risk,1,0,1,1,80,High,799.2,56,Retention Team,1,Immediate Customer Call
237,Customer_237,USA,2024-08-24,Enterprise,999.0,Active,87,36,64,4,1,At-Risk,1,0,1,1,80,High,799.2,57,Retention Team,1,Immediate Customer Call
239,Customer_239,UK,2024-08-26,Premium,999.0,Active,116,46,85,4,3,Churned,1,0,1,1,80,High,799.2,58,Retention Team,1,Immediate Customer Call
248,Customer_248,UK,2024-09-04,Premium,999.0,Active,31,20,61,3,2,At-Risk,1,0,1,1,80,High,799.2,59,Retention Team,1,Immediate Customer Call
268,Customer_268,UK,2024-09-24,Basic,999.0,Active,92,23,19,3,3,Churned,1,0,1,1,80,High,799.2,60,Retention Team,1,Immediate Customer Call
280,Customer_280,India,2024-10-06,Basic,999.0,Active,70,44,55,4,3,At-Risk,1,0,1,1,80,High,799.2,61,Retention Team,1,Immediate Customer Call
286,Customer_286,UK,2024-10-12,Basic,999.0,Active,33,18,76,3,2,At-Risk,1,0,1,1,80,High,799.2,62,Retention Team,1,Immediate Customer Call
290,Customer_290,UK,2024-10-16,Premium,999.0,Active,38,29,66,4,2,At-Risk,1,0,1,1,80,High,799.2,63,Retention Team,1,Immediate Customer Call
307,Customer_307,India,2024-11-02,Enterprise,999.0,Expired,67,14,90,3,3,At-Risk,1,0,1,1,80,High,799.2,64,Retention Team,1,Immediate Customer Call
377,Customer_377,India,2025-01-11,Basic,999.0,Active,117,41,46,4,3,Churned,1,0,1,1,80,High,799.2,65,Retention Team,1,Immediate Customer Call
407,Customer_407,India,2025-02-10,Premium,999.0,Active,83,25,51,4,1,At-Risk,1,0,1,1,80,High,799.2,66,Retention Team,1,Immediate Customer Call
443,Customer_443,USA,2025-03-18,Premium,999.0,Active,52,5,23,4,2,At-Risk,1,0,1,1,80,High,799.2,67,Retention Team,1,Immediate Customer Call
459,Customer_459,USA,2025-04-03,Basic,999.0,Active,86,38,67,4,2,At-Risk,1,0,1,1,80,High,799.2,68,Retention Team,1,Immediate Customer Call
479,Customer_479,India,2025-04-23,Premium,999.0,Active,65,20,68,4,2,At-Risk,1,0,1,1,80,High,799.2,69,Retention Team,1,Immediate Customer Call
493,Customer_493,India,2025-05-07,Premium,999.0,Active,99,7,43,3,2,Churned,1,0,1,1,80,High,799.2,70,Retention Team,1,Immediate Customer Call
13,Customer_13,India,2024-01-13,Enterprise,499.0,Active,70,20,41,4,3,At-Risk,1,0,1,1,80,High,399.2,71,Retention Team,1,Immediate Customer Call
31,Customer_31,USA,2024-01-31,Enterprise,499.0,Active,70,10,3,3,1,At-Risk,1,0,1,1,80,High,399.2,72,Retention Team,1,Immediate Customer Call
33,Customer_33,USA,2024-02-02,Enterprise,499.0,Active,114,7,27,4,1,Churned,1,0,1,1,80,High,399.2,73,Retention Team,1,Immediate Customer Call
56,Customer_56,UK,2024-02-25,Premium,499.0,Expired,78,23,34,3,3,At-Risk,1,0,1,1,80,High,399.2,74,Retention Team,1,Immediate Customer Call
57,Customer_57,UK,2024-02-26,Basic,499.0,Active,68,34,4,4,2,At-Risk,1,0,1,1,80,High,399.2,75,Retention Team,1,Immediate Customer Call
83,Customer_83,USA,2024-03-23,Enterprise,499.0,Active,108,27,66,4,3,Churned,1,0,1,1,80,High,399.2,76,Retention Team,1,Immediate Customer Call
88,Customer_88,India,2024-03-28,Basic,499.0,Active,71,24,98,4,1,At-Risk,1,0,1,1,80,High,399.2,77,Retention Team,1,Immediate Customer Call
95,Customer_95,India,2024-04-04,Basic,499.0,Active,56,35,21,3,1,At-Risk,1,0,1,1,80,High,399.2,78,Retention Team,1,Immediate Customer Call
98,Customer_98,UK,2024-04-07,Basic,499.0,Active,68,40,62,4,1,At-Risk,1,0,1,1,80,High,399.2,79,Retention Team,1,Immediate Customer Call
103,Customer_103,UK,2024-04-12,Basic,499.0,Active,44,20,34,3,3,At-Risk,1,0,1,1,80,High,399.2,80,Retention Team,1,Immediate Customer Call
147,Customer_147,UK,2024-05-26,Basic,499.0,Active,99,12,99,3,2,Churned,1,0,1,1,80,High,399.2,81,Retention Team,1,Immediate Customer Call
150,Customer_150,India,2024-05-29,Enterprise,499.0,Active,33,45,46,3,2,At-Risk,1,0,1,1,80,High,399.2,82,Retention Team,1,Immediate Customer Call
156,Customer_156,UK,2024-06-04,Premium,499.0,Active,37,31,99,4,2,At-Risk,1,0,1,1,80,High,399.2,83,Retention Team,1,Immediate Customer Call
187,Customer_187,UK,2024-07-05,Enterprise,499.0,Active,68,29,3,3,1,At-Risk,1,0,1,1,80,High,399.2,84,Retention Team,1,Immediate Customer Call
194,Customer_194,India,2024-07-12,Enterprise,499.0,Active,110,7,71,4,2,Churned,1,0,1,1,80,High,399.2,85,Retention Team,1,Immediate Customer Call
209,Customer_209,India,2024-07-27,Basic,499.0,Active,49,42,64,3,1,At-Risk,1,0,1,1,80,High,399.2,86,Retention Team,1,Immediate Customer Call
227,Customer_227,USA,2024-08-14,Basic,499.0,Active,86,16,41,3,2,At-Risk,1,0,1,1,80,High,399.2,87,Retention Team,1,Immediate Customer Call
249,Customer_249,USA,2024-09-05,Basic,499.0,Active,47,39,9,3,1,At-Risk,1,0,1,1,80,High,399.2,88,Retention Team,1,Immediate Customer Call
253,Customer_253,UK,2024-09-09,Enterprise,499.0,Active,62,37,98,4,2,At-Risk,1,0,1,1,80,High,399.2,89,Retention Team,1,Immediate Customer Call
266,Customer_266,USA,2024-09-22,Enterprise,499.0,Active,109,15,47,4,3,Churned,1,0,1,1,80,High,399.2,90,Retention Team,1,Immediate Customer Call
271,Customer_271,India,2024-09-27,Premium,499.0,Active,118,17,93,4,3,Churned,1,0,1,1,80,High,399.2,91,Retention Team,1,Immediate Customer Call
273,Customer_273,India,2024-09-29,Basic,499.0,Active,84,30,21,3,1,At-Risk,1,0,1,1,80,High,399.2,92,Retention Team,1,Immediate Customer Call
274,Customer_274,USA,2024-09-30,Enterprise,499.0,Active,104,18,51,4,1,Churned,1,0,1,1,80,High,399.2,93,Retention Team,1,Immediate Customer Call
312,Customer_312,UK,2024-11-07,Premium,499.0,Active,68,38,57,3,1,At-Risk,1,0,1,1,80,High,399.2,94,Retention Team,1,Immediate Customer Call
329,Customer_329,India,2024-11-24,Premium,499.0,Active,38,41,20,3,1,At-Risk,1,0,1,1,80,High,399.2,95,Retention Team,1,Immediate Customer Call
332,Customer_332,India,2024-11-27,Premium,499.0,Active,35,25,39,3,1,At-Risk,1,0,1,1,80,High,399.2,96,Retention Team,1,Immediate Customer Call
355,Customer_355,India,2024-12-20,Basic,499.0,Active,82,43,19,4,1,At-Risk,1,0,1,1,80,High,399.2,97,Retention Team,1,Immediate Customer Call
360,Customer_360,India,2024-12-25,Basic,499.0,Active,54,35,1,3,1,At-Risk,1,0,1,1,80,High,399.2,98,Retention Team,1,Immediate Customer Call
368,Customer_368,UK,2025-01-02,Enterprise,499.0,Active,54,27,61,3,2,At-Risk,1,0,1,1,80,High,399.2,99,Retention Team,1,Immediate Customer Call
387,Customer_387,UK,2025-01-21,Basic,499.0,Active,60,17,66,4,3,At-Risk,1,0,1,1,80,High,399.2,100,Retention Team,1,Immediate Customer Call
389,Customer_389,India,2025-01-23,Basic,499.0,Active,32,20,94,3,3,At-Risk,1,0,1,1,80,High,399.2,101,Retention Team,1,Immediate Customer Call
405,Customer_405,USA,2025-02-08,Enterprise,499.0,Active,60,20,74,4,1,At-Risk,1,0,1,1,80,High,399.2,102,Retention Team,1,Immediate Customer Call
411,Customer_411,India,2025-02-14,Enterprise,499.0,Active,83,20,14,4,2,At-Risk,1,0,1,1,80,High,399.2,103,Retention Team,1,Immediate Customer Call
425,Customer_425,India,2025-02-28,Enterprise,499.0,Expired,99,32,16,3,1,Churned,1,0,1,1,80,High,399.2,104,Retention Team,1,Immediate Customer Call
471,Customer_471,UK,2025-04-15,Enterprise,499.0,Active,102,20,33,3,3,Churned,1,0,1,1,80,High,399.2,105,Retention Team,1,Immediate Customer Call
477,Customer_477,India,2025-04-21,Premium,499.0,Active,39,14,37,4,2,At-Risk,1,0,1,1,80,High,399.2,106,Retention Team,1,Immediate Customer Call
486,Customer_486,USA,2025-04-30,Basic,499.0,Active,53,39,19,4,2,At-Risk,1,0,1,1,80,High,399.2,107,Retention Team,1,Immediate Customer Call
494,Customer_494,UK,2025-05-08,Enterprise,499.0,Active,113,43,95,3,1,Churned,1,0,1,1,80,High,399.2,108,Retention Team,1,Immediate Customer Call
500,Customer_500,UK,2025-05-14,Basic,499.0,Active,55,22,69,4,3,At-Risk,1,0,1,1,80,High,399.2,109,Retention Team,1,Immediate Customer Call
2,Customer_2,India,2024-01-02,Premium,1999.0,Expired,78,3,50,1,1,At-Risk,1,1,1,0,75,High,1499.25,110,Retention Team,1,Immediate Customer Call
21,Customer_21,India,2024-01-21,Basic,1999.0,Expired,98,0,48,4,0,Churned,1,1,0,1,75,High,1499.25,111,Retention Team,1,Immediate Customer Call
60,Customer_60,UK,2024-02-29,Basic,1999.0,Expired,52,4,59,2,2,At-Risk,1,1,1,0,75,High,1499.25,112,Retention Team,1,Immediate Customer Call
108,Customer_108,UK,2024-04-17,Premium,1999.0,Expired,119,1,58,3,0,Churned,1,1,0,1,75,High,1499.25,113,Retention Team,1,Immediate Customer Call
167,Customer_167,USA,2024-06-15,Basic,1999.0,Active,57,1,46,1,3,At-Risk,1,1,1,0,75,High,1499.25,114,Retention Team,1,Immediate Customer Call
490,Customer_490,India,2025-05-04,Premium,1999.0,Active,32,1,18,3,0,At-Risk,1,1,0,1,75,High,1499.25,115,Retention Team,1,Immediate Customer Call
492,Customer_492,USA,2025-05-06,Enterprise,1999.0,Active,81,2,35,0,2,At-Risk,1,1,1,0,75,High,1499.25,116,Retention Team,1,Immediate Customer Call
46,Customer_46,UK,2024-02-15,Premium,999.0,Active,36,0,9,3,0,At-Risk,1,1,0,1,75,High,749.25,117,Retention Team,1,Immediate Customer Call
93,Customer_93,India,2024-04-02,Premium,999.0,Active,61,2,30,2,2,At-Risk,1,1,1,0,75,High,749.25,118,Retention Team,1,Immediate Customer Call
198,Customer_198,UK,2024-07-16,Basic,999.0,Active,97,0,19,2,1,Churned,1,1,1,0,75,High,749.25,119,Retention Team,1,Immediate Customer Call
201,Customer_201,India,2024-07-19,Enterprise,999.0,Expired,73,2,38,0,3,At-Risk,1,1,1,0,75,High,749.25,120,Retention Team,1,Immediate Customer Call
340,Customer_340,USA,2024-12-05,Basic,999.0,Expired,80,4,37,0,1,At-Risk,1,1,1,0,75,High,749.25,121,Retention Team,1,Immediate Customer Call
74,Customer_74,USA,2024-03-14,Basic,499.0,Active,49,4,92,0,1,At-Risk,1,1,1,0,75,High,374.25,122,Retention Team,1,Immediate Customer Call
96,Customer_96,India,2024-04-05,Basic,499.0,Expired,36,3,28,1,2,At-Risk,1,1,1,0,75,High,374.25,123,Retention Team,1,Immediate Customer Call
255,Customer_255,India,2024-09-11,Premium,499.0,Active,55,3,96,1,2,At-Risk,1,1,1,0,75,High,374.25,124,Retention Team,1,Immediate Customer Call
414,Customer_414,USA,2025-02-17,Premium,499.0,Active,89,2,73,2,2,At-Risk,1,1,1,0,75,High,374.25,125,Retention Team,1,Immediate Customer Call
447,Customer_447,USA,2025-03-22,Basic,499.0,Active,38,0,21,4,0,At-Risk,1,1,0,1,75,High,374.25,126,Retention Team,1,Immediate Customer Call
450,Customer_450,India,2025-03-25,Premium,499.0,Expired,63,4,36,1,2,At-Risk,1,1,1,0,75,High,374.25,127,Retention Team,1,Immediate Customer Call
451,Customer_451,India,2025-03-26,Enterprise,499.0,Active,101,1,99,2,3,Churned,1,1,1,0,75,High,374.25,128,Retention Team,1,Immediate Customer Call
263,Customer_263,UK,2024-09-19,Basic,1999.0,Active,3,2,54,3,3,Active,0,1,1,1,70,High,1399.3,129,Retention Team,1,Immediate Customer Call
202,Customer_202,USA,2024-07-20,Enterprise,499.0,Expired,8,0,53,4,1,Active,0,1,1,1,70,High,349.3,130,Retention Team,1,Immediate Customer Call
302,Customer_302,India,2024-10-28,Premium,499.0,Active,2,3,82,3,2,Active,0,1,1,1,70,High,349.3,131,Retention Team,1,Immediate Customer Call
4,Customer_4,UK,2024-01-04,Premium,1999.0,Expired,66,47,19,0,3,At-Risk,1,0,1,0,55,Medium,1099.45,132,Retention Team,3,Offer Discount
16,Customer_16,India,2024-01-16,Basic,1999.0,Active,93,48,72,4,0,Churned,1,0,0,1,55,Medium,1099.45,133,Retention Team,3,Offer Discount
23,Customer_23,USA,2024-01-23,Premium,1999.0,Active,37,47,42,3,0,At-Risk,1,0,0,1,55,Medium,1099.45,134,Retention Team,3,Offer Discount
32,Customer_32,UK,2024-02-01,Premium,1999.0,Expired,46,33,3,4,0,At-Risk,1,0,0,1,55,Medium,1099.45,135,Retention Team,3,Offer Discount
39,Customer_39,India,2024-02-08,Premium,1999.0,Active,107,22,32,2,2,Churned,1,0,1,0,55,Medium,1099.45,136,Retention Team,3,Offer Discount
40,Customer_40,UK,2024-02-09,Premium,1999.0,Active,119,23,48,0,3,Churned,1,0,1,0,55,Medium,1099.45,137,Retention Team,3,Offer Discount
61,Customer_61,USA,2024-03-01,Enterprise,1999.0,Active,110,19,27,1,3,Churned,1,0,1,0,55,Medium,1099.45,138,Retention Team,3,Offer Discount
66,Customer_66,USA,2024-03-06,Premium,1999.0,Expired,35,35,68,1,3,At-Risk,1,0,1,0,55,Medium,1099.45,139,Retention Team,3,Offer Discount
77,Customer_77,USA,2024-03-17,Basic,1999.0,Active,90,7,50,1,1,At-Risk,1,0,1,0,55,Medium,1099.45,140,Retention Team,3,Offer Discount
91,Customer_91,India,2024-03-31,Enterprise,1999.0,Active,113,14,76,1,1,Churned,1,0,1,0,55,Medium,1099.45,141,Retention Team,3,Offer Discount
113,Customer_113,India,2024-04-22,Basic,1999.0,Active,92,31,22,2,1,Churned,1,0,1,0,55,Medium,1099.45,142,Retention Team,3,Offer Discount
120,Customer_120,USA,2024-04-29,Enterprise,1999.0,Active,42,39,35,1,1,At-Risk,1,0,1,0,55,Medium,1099.45,143,Retention Team,3,Offer Discount
127,Customer_127,UK,2024-05-06,Enterprise,1999.0,Expired,37,49,40,0,3,At-Risk,1,0,1,0,55,Medium,1099.45,144,Retention Team,3,Offer Discount
132,Customer_132,India,2024-05-11,Premium,1999.0,Active,100,43,73,4,0,Churned,1,0,0,1,55,Medium,1099.45,145,Retention Team,3,Offer Discount
133,Customer_133,India,2024-05-12,Enterprise,1999.0,Active,60,31,20,0,3,At-Risk,1,0,1,0,55,Medium,1099.45,146,Retention Team,3,Offer Discount
161,Customer_161,UK,2024-06-09,Enterprise,1999.0,Active,32,24,6,2,2,At-Risk,1,0,1,0,55,Medium,1099.45,147,Retention Team,3,Offer Discount
165,Customer_165,USA,2024-06-13,Premium,1999.0,Active,78,12,91,0,3,At-Risk,1,0,1,0,55,Medium,1099.45,148,Retention Team,3,Offer Discount
166,Customer_166,India,2024-06-14,Premium,1999.0,Active,77,17,98,2,1,At-Risk,1,0,1,0,55,Medium,1099.45,149,Retention Team,3,Offer Discount
170,Customer_170,USA,2024-06-18,Enterprise,1999.0,Active,64,14,72,1,1,At-Risk,1,0,1,0,55,Medium,1099.45,150,Retention Team,3,Offer Discount
177,Customer_177,UK,2024-06-25,Basic,1999.0,Expired,118,43,25,3,0,Churned,1,0,0,1,55,Medium,1099.45,151,Retention Team,3,Offer Discount
189,Customer_189,USA,2024-07-07,Premium,1999.0,Expired,102,43,19,0,2,Churned,1,0,1,0,55,Medium,1099.45,152,Retention Team,3,Offer Discount
195,Customer_195,UK,2024-07-13,Basic,1999.0,Active,36,41,78,0,2,At-Risk,1,0,1,0,55,Medium,1099.45,153,Retention Team,3,Offer Discount
199,Customer_199,USA,2024-07-17,Basic,1999.0,Active,36,43,47,0,1,At-Risk,1,0,1,0,55,Medium,1099.45,154,Retention Team,3,Offer Discount
222,Customer_222,UK,2024-08-09,Enterprise,1999.0,Active,67,35,68,2,1,At-Risk,1,0,1,0,55,Medium,1099.45,155,Retention Team,3,Offer Discount
231,Customer_231,UK,2024-08-18,Enterprise,1999.0,Active,44,19,62,0,2,At-Risk,1,0,1,0,55,Medium,1099.45,156,Retention Team,3,Offer Discount
244,Customer_244,USA,2024-08-31,Basic,1999.0,Expired,36,34,67,2,3,At-Risk,1,0,1,0,55,Medium,1099.45,157,Retention Team,3,Offer Discount
245,Customer_245,India,2024-09-01,Basic,1999.0,Active,69,25,44,1,2,At-Risk,1,0,1,0,55,Medium,1099.45,158,Retention Team,3,Offer Discount
246,Customer_246,UK,2024-09-02,Enterprise,1999.0,Expired,77,36,33,0,3,At-Risk,1,0,1,0,55,Medium,1099.45,159,Retention Team,3,Offer Discount
250,Customer_250,UK,2024-09-06,Premium,1999.0,Active,55,38,68,1,2,At-Risk,1,0,1,0,55,Medium,1099.45,160,Retention Team,3,Offer Discount
276,Customer_276,India,2024-10-02,Premium,1999.0,Active,65,45,20,0,3,At-Risk,1,0,1,0,55,Medium,1099.45,161,Retention Team,3,Offer Discount
279,Customer_279,India,2024-10-05,Enterprise,1999.0,Active,84,23,4,2,2,At-Risk,1,0,1,0,55,Medium,1099.45,162,Retention Team,3,Offer Discount
287,Customer_287,India,2024-10-13,Basic,1999.0,Active,117,47,45,2,3,Churned,1,0,1,0,55,Medium,1099.45,163,Retention Team,3,Offer Discount
291,Customer_291,USA,2024-10-17,Basic,1999.0,Active,116,48,88,1,2,Churned,1,0,1,0,55,Medium,1099.45,164,Retention Team,3,Offer Discount
292,Customer_292,India,2024-10-18,Enterprise,1999.0,Active,98,32,34,1,3,Churned,1,0,1,0,55,Medium,1099.45,165,Retention Team,3,Offer Discount
300,Customer_300,USA,2024-10-26,Enterprise,1999.0,Active,105,16,86,1,3,Churned,1,0,1,0,55,Medium,1099.45,166,Retention Team,3,Offer Discount
304,Customer_304,India,2024-10-30,Premium,1999.0,Active,73,47,61,4,0,At-Risk,1,0,0,1,55,Medium,1099.45,167,Retention Team,3,Offer Discount
305,Customer_305,India,2024-10-31,Premium,1999.0,Active,65,46,12,1,3,At-Risk,1,0,1,0,55,Medium,1099.45,168,Retention Team,3,Offer Discount
306,Customer_306,USA,2024-11-01,Enterprise,1999.0,Active,75,26,6,1,1,At-Risk,1,0,1,0,55,Medium,1099.45,169,Retention Team,3,Offer Discount
313,Customer_313,UK,2024-11-08,Premium,1999.0,Active,82,8,93,2,1,At-Risk,1,0,1,0,55,Medium,1099.45,170,Retention Team,3,Offer Discount
314,Customer_314,USA,2024-11-09,Enterprise,1999.0,Active,55,25,99,2,3,At-Risk,1,0,1,0,55,Medium,1099.45,171,Retention Team,3,Offer Discount
321,Customer_321,India,2024-11-16,Basic,1999.0,Active,60,42,49,1,3,At-Risk,1,0,1,0,55,Medium,1099.45,172,Retention Team,3,Offer Discount
322,Customer_322,UK,2024-11-17,Basic,1999.0,Active,101,48,13,1,3,Churned,1,0,1,0,55,Medium,1099.45,173,Retention Team,3,Offer Discount
323,Customer_323,USA,2024-11-18,Premium,1999.0,Active,116,29,61,2,2,Churned,1,0,1,0,55,Medium,1099.45,174,Retention Team,3,Offer Discount
328,Customer_328,USA,2024-11-23,Premium,1999.0,Expired,42,18,43,0,1,At-Risk,1,0,1,0,55,Medium,1099.45,175,Retention Team,3,Offer Discount
331,Customer_331,India,2024-11-26,Premium,1999.0,Active,45,45,90,2,3,At-Risk,1,0,1,0,55,Medium,1099.45,176,Retention Team,3,Offer Discount
348,Customer_348,USA,2024-12-13,Basic,1999.0,Expired,66,34,39,4,0,At-Risk,1,0,0,1,55,Medium,1099.45,177,Retention Team,3,Offer Discount
365,Customer_365,UK,2024-12-30,Enterprise,1999.0,Active,65,41,72,0,1,At-Risk,1,0,1,0,55,Medium,1099.45,178,Retention Team,3,Offer Discount
366,Customer_366,USA,2024-12-31,Enterprise,1999.0,Expired,110,29,61,0,1,Churned,1,0,1,0,55,Medium,1099.45,179,Retention Team,3,Offer Discount
367,Customer_367,USA,2025-01-01,Basic,1999.0,Active,80,21,12,4,0,At-Risk,1,0,0,1,55,Medium,1099.45,180,Retention Team,3,Offer Discount
381,Customer_381,USA,2025-01-15,Enterprise,1999.0,Expired,98,43,87,1,1,Churned,1,0,1,0,55,Medium,1099.45,181,Retention Team,3,Offer Discount
386,Customer_386,USA,2025-01-20,Premium,1999.0,Active,45,19,18,2,3,At-Risk,1,0,1,0,55,Medium,1099.45,182,Retention Team,3,Offer Discount
393,Customer_393,India,2025-01-27,Basic,1999.0,Active,31,26,19,0,2,At-Risk,1,0,1,0,55,Medium,1099.45,183,Retention Team,3,Offer Discount
397,Customer_397,USA,2025-01-31,Basic,1999.0,Active,93,17,97,3,0,Churned,1,0,0,1,55,Medium,1099.45,184,Retention Team,3,Offer Discount
419,Customer_419,UK,2025-02-22,Enterprise,1999.0,Active,56,48,70,0,1,At-Risk,1,0,1,0,55,Medium,1099.45,185,Retention Team,3,Offer Discount
433,Customer_433,India,2025-03-08,Enterprise,1999.0,Expired,80,23,65,1,2,At-Risk,1,0,1,0,55,Medium,1099.45,186,Retention Team,3,Offer Discount
444,Customer_444,India,2025-03-19,Enterprise,1999.0,Active,93,45,24,0,2,Churned,1,0,1,0,55,Medium,1099.45,187,Retention Team,3,Offer Discount
446,Customer_446,India,2025-03-21,Enterprise,1999.0,Expired,36,33,28,2,3,At-Risk,1,0,1,0,55,Medium,1099.45,188,Retention Team,3,Offer Discount
452,Customer_452,India,2025-03-27,Basic,1999.0,Active,116,21,45,2,2,Churned,1,0,1,0,55,Medium,1099.45,189,Retention Team,3,Offer Discount
461,Customer_461,India,2025-04-05,Basic,1999.0,Expired,71,11,28,1,3,At-Risk,1,0,1,0,55,Medium,1099.45,190,Retention Team,3,Offer Discount
470,Customer_470,UK,2025-04-14,Premium,1999.0,Expired,118,6,57,3,0,Churned,1,0,0,1,55,Medium,1099.45,191,Retention Team,3,Offer Discount
475,Customer_475,USA,2025-04-19,Basic,1999.0,Active,87,45,56,0,2,At-Risk,1,0,1,0,55,Medium,1099.45,192,Retention Team,3,Offer Discount
487,Customer_487,USA,2025-05-01,Basic,1999.0,Active,82,27,29,3,0,At-Risk,1,0,0,1,55,Medium,1099.45,193,Retention Team,3,Offer Discount
36,Customer_36,USA,2024-02-05,Premium,999.0,Active,109,48,92,0,2,Churned,1,0,1,0,55,Medium,549.45,194,Retention Team,3,Offer Discount
47,Customer_47,USA,2024-02-16,Basic,999.0,Active,75,22,12,4,0,At-Risk,1,0,0,1,55,Medium,549.45,195,Retention Team,3,Offer Discount
50,Customer_50,USA,2024-02-19,Enterprise,999.0,Expired,68,12,16,0,2,At-Risk,1,0,1,0,55,Medium,549.45,196,Retention Team,3,Offer Discount
53,Customer_53,USA,2024-02-22,Basic,999.0,Active,86,42,21,0,1,At-Risk,1,0,1,0,55,Medium,549.45,197,Retention Team,3,Offer Discount
75,Customer_75,USA,2024-03-15,Premium,999.0,Active,77,29,93,0,2,At-Risk,1,0,1,0,55,Medium,549.45,198,Retention Team,3,Offer Discount
79,Customer_79,UK,2024-03-19,Basic,999.0,Active,94,37,83,0,1,Churned,1,0,1,0,55,Medium,549.45,199,Retention Team,3,Offer Discount
92,Customer_92,India,2024-04-01,Enterprise,999.0,Active,42,49,92,2,2,At-Risk,1,0,1,0,55,Medium,549.45,200,Retention Team,3,Offer Discount
135,Customer_135,UK,2024-05-14,Premium,999.0,Active,74,48,72,4,0,At-Risk,1,0,0,1,55,Medium,549.45,201,Retention Team,3,Offer Discount
143,Customer_143,USA,2024-05-22,Premium,999.0,Active,114,40,38,3,0,Churned,1,0,0,1,55,Medium,549.45,202,Retention Team,3,Offer Discount
144,Customer_144,USA,2024-05-23,Basic,999.0,Active,69,46,15,2,1,At-Risk,1,0,1,0,55,Medium,549.45,203,Retention Team,3,Offer Discount
173,Customer_173,UK,2024-06-21,Basic,999.0,Active,85,30,19,2,3,At-Risk,1,0,1,0,55,Medium,549.45,204,Retention Team,3,Offer Discount
179,Customer_179,India,2024-06-27,Basic,999.0,Active,41,21,88,0,3,At-Risk,1,0,1,0,55,Medium,549.45,205,Retention Team,3,Offer Discount
184,Customer_184,India,2024-07-02,Basic,999.0,Active,60,18,48,0,1,At-Risk,1,0,1,0,55,Medium,549.45,206,Retention Team,3,Offer Discount
196,Customer_196,USA,2024-07-14,Premium,999.0,Active,104,15,63,0,2,Churned,1,0,1,0,55,Medium,549.45,207,Retention Team,3,Offer Discount
207,Customer_207,USA,2024-07-25,Enterprise,999.0,Active,68,41,30,0,3,At-Risk,1,0,1,0,55,Medium,549.45,208,Retention Team,3,Offer Discount
212,Customer_212,India,2024-07-30,Premium,999.0,Active,60,20,89,0,2,At-Risk,1,0,1,0,55,Medium,549.45,209,Retention Team,3,Offer Discount
234,Customer_234,USA,2024-08-21,Premium,999.0,Expired,81,30,12,2,2,At-Risk,1,0,1,0,55,Medium,549.45,210,Retention Team,3,Offer Discount
236,Customer_236,USA,2024-08-23,Basic,999.0,Expired,98,18,11,0,2,Churned,1,0,1,0,55,Medium,549.45,211,Retention Team,3,Offer Discount
251,Customer_251,UK,2024-09-07,Enterprise,999.0,Active,80,20,35,2,2,At-Risk,1,0,1,0,55,Medium,549.45,212,Retention Team,3,Offer Discount
294,Customer_294,India,2024-10-20,Basic,999.0,Active,36,48,55,0,2,At-Risk,1,0,1,0,55,Medium,549.45,213,Retention Team,3,Offer Discount
295,Customer_295,India,2024-10-21,Premium,999.0,Active,97,27,1,1,3,Churned,1,0,1,0,55,Medium,549.45,214,Retention Team,3,Offer Discount
298,Customer_298,USA,2024-10-24,Premium,999.0,Active,109,44,38,0,1,Churned,1,0,1,0,55,Medium,549.45,215,Retention Team,3,Offer Discount
308,Customer_308,UK,2024-11-03,Premium,999.0,Active,52,5,27,0,1,At-Risk,1,0,1,0,55,Medium,549.45,216,Retention Team,3,Offer Discount
326,Customer_326,USA,2024-11-21,Enterprise,999.0,Active,111,16,62,3,0,Churned,1,0,0,1,55,Medium,549.45,217,Retention Team,3,Offer Discount
334,Customer_334,UK,2024-11-29,Premium,999.0,Active,88,28,49,1,2,At-Risk,1,0,1,0,55,Medium,549.45,218,Retention Team,3,Offer Discount
342,Customer_342,USA,2024-12-07,Basic,999.0,Active,52,5,41,0,2,At-Risk,1,0,1,0,55,Medium,549.45,219,Retention Team,3,Offer Discount
347,Customer_347,India,2024-12-12,Enterprise,999.0,Active,35,49,59,1,3,At-Risk,1,0,1,0,55,Medium,549.45,220,Retention Team,3,Offer Discount
362,Customer_362,UK,2024-12-27,Enterprise,999.0,Expired,36,29,19,0,3,At-Risk,1,0,1,0,55,Medium,549.45,221,Retention Team,3,Offer Discount
370,Customer_370,UK,2025-01-04,Enterprise,999.0,Active,52,34,45,0,2,At-Risk,1,0,1,0,55,Medium,549.45,222,Retention Team,3,Offer Discount
373,Customer_373,UK,2025-01-07,Basic,999.0,Expired,41,9,69,0,2,At-Risk,1,0,1,0,55,Medium,549.45,223,Retention Team,3,Offer Discount
382,Customer_382,UK,2025-01-16,Enterprise,999.0,Active,68,8,49,2,3,At-Risk,1,0,1,0,55,Medium,549.45,224,Retention Team,3,Offer Discount
385,Customer_385,UK,2025-01-19,Premium,999.0,Active,68,42,82,3,0,At-Risk,1,0,0,1,55,Medium,549.45,225,Retention Team,3,Offer Discount
398,Customer_398,UK,2025-02-01,Premium,999.0,Active,60,31,76,0,3,At-Risk,1,0,1,0,55,Medium,549.45,226,Retention Team,3,Offer Discount
399,Customer_399,UK,2025-02-02,Premium,999.0,Active,63,10,15,2,2,At-Risk,1,0,1,0,55,Medium,549.45,227,Retention Team,3,Offer Discount
403,Customer_403,UK,2025-02-06,Premium,999.0,Active,43,47,63,1,3,At-Risk,1,0,1,0,55,Medium,549.45,228,Retention Team,3,Offer Discount
408,Customer_408,USA,2025-02-11,Enterprise,999.0,Active,31,43,75,3,0,At-Risk,1,0,0,1,55,Medium,549.45,229,Retention Team,3,Offer Discount
412,Customer_412,USA,2025-02-15,Basic,999.0,Active,34,17,82,2,3,At-Risk,1,0,1,0,55,Medium,549.45,230,Retention Team,3,Offer Discount
417,Customer_417,USA,2025-02-20,Enterprise,999.0,Active,50,36,3,2,3,At-Risk,1,0,1,0,55,Medium,549.45,231,Retention Team,3,Offer Discount
421,Customer_421,UK,2025-02-24,Enterprise,999.0,Expired,73,24,2,1,1,At-Risk,1,0,1,0,55,Medium,549.45,232,Retention Team,3,Offer Discount
422,Customer_422,India,2025-02-25,Premium,999.0,Active,87,20,93,1,3,At-Risk,1,0,1,0,55,Medium,549.45,233,Retention Team,3,Offer Discount
429,Customer_429,USA,2025-03-04,Premium,999.0,Active,62,6,81,1,3,At-Risk,1,0,1,0,55,Medium,549.45,234,Retention Team,3,Offer Discount
439,Customer_439,UK,2025-03-14,Enterprise,999.0,Active,40,21,62,0,1,At-Risk,1,0,1,0,55,Medium,549.45,235,Retention Team,3,Offer Discount
441,Customer_441,USA,2025-03-16,Premium,999.0,Active,101,16,95,3,0,Churned,1,0,0,1,55,Medium,549.45,236,Retention Team,3,Offer Discount
442,Customer_442,UK,2025-03-17,Premium,999.0,Active,103,33,25,0,2,Churned,1,0,1,0,55,Medium,549.45,237,Retention Team,3,Offer Discount
449,Customer_449,UK,2025-03-24,Basic,999.0,Active,50,20,18,4,0,At-Risk,1,0,0,1,55,Medium,549.45,238,Retention Team,3,Offer Discount
458,Customer_458,USA,2025-04-02,Basic,999.0,Expired,92,47,32,2,1,Churned,1,0,1,0,55,Medium,549.45,239,Retention Team,3,Offer Discount
463,Customer_463,India,2025-04-07,Enterprise,999.0,Active,86,46,79,2,2,At-Risk,1,0,1,0,55,Medium,549.45,240,Retention Team,3,Offer Discount
472,Customer_472,USA,2025-04-16,Basic,999.0,Expired,79,19,24,0,3,At-Risk,1,0,1,0,55,Medium,549.45,241,Retention Team,3,Offer Discount
476,Customer_476,India,2025-04-20,Basic,999.0,Active,58,21,28,0,3,At-Risk,1,0,1,0,55,Medium,549.45,242,Retention Team,3,Offer Discount
488,Customer_488,India,2025-05-02,Premium,999.0,Active,101,25,74,2,3,Churned,1,0,1,0,55,Medium,549.45,243,Retention Team,3,Offer Discount
497,Customer_497,USA,2025-05-11,Premium,999.0,Active,63,34,49,1,2,At-Risk,1,0,1,0,55,Medium,549.45,244,Retention Team,3,Offer Discount
30,Customer_30,UK,2024-01-30,Basic,499.0,Expired,87,27,80,2,2,At-Risk,1,0,1,0,55,Medium,274.45,245,Retention Team,3,Offer Discount
41,Customer_41,India,2024-02-10,Premium,499.0,Active,80,44,4,0,2,At-Risk,1,0,1,0,55,Medium,274.45,246,Retention Team,3,Offer Discount
48,Customer_48,India,2024-02-17,Premium,499.0,Active,51,36,11,2,2,At-Risk,1,0,1,0,55,Medium,274.45,247,Retention Team,3,Offer Discount
58,Customer_58,India,2024-02-27,Basic,499.0,Expired,112,23,28,3,0,Churned,1,0,0,1,55,Medium,274.45,248,Retention Team,3,Offer Discount
59,Customer_59,UK,2024-02-28,Enterprise,499.0,Active,117,16,95,4,0,Churned,1,0,0,1,55,Medium,274.45,249,Retention Team,3,Offer Discount
78,Customer_78,UK,2024-03-18,Premium,499.0,Active,89,9,6,0,2,At-Risk,1,0,1,0,55,Medium,274.45,250,Retention Team,3,Offer Discount
80,Customer_80,USA,2024-03-20,Premium,499.0,Expired,75,46,60,1,1,At-Risk,1,0,1,0,55,Medium,274.45,251,Retention Team,3,Offer Discount
82,Customer_82,India,2024-03-22,Enterprise,499.0,Active,95,47,11,0,2,Churned,1,0,1,0,55,Medium,274.45,252,Retention Team,3,Offer Discount
89,Customer_89,USA,2024-03-29,Enterprise,499.0,Expired,63,8,86,2,3,At-Risk,1,0,1,0,55,Medium,274.45,253,Retention Team,3,Offer Discount
105,Customer_105,UK,2024-04-14,Basic,499.0,Active,106,11,51,4,0,Churned,1,0,0,1,55,Medium,274.45,254,Retention Team,3,Offer Discount
112,Customer_112,USA,2024-04-21,Premium,499.0,Active,86,15,48,1,2,At-Risk,1,0,1,0,55,Medium,274.45,255,Retention Team,3,Offer Discount
129,Customer_129,UK,2024-05-08,Basic,499.0,Active,50,29,47,3,0,At-Risk,1,0,0,1,55,Medium,274.45,256,Retention Team,3,Offer Discount
136,Customer_136,UK,2024-05-15,Basic,499.0,Active,89,20,87,0,2,At-Risk,1,0,1,0,55,Medium,274.45,257,Retention Team,3,Offer Discount
139,Customer_139,UK,2024-05-18,Premium,499.0,Active,36,29,4,0,1,At-Risk,1,0,1,0,55,Medium,274.45,258,Retention Team,3,Offer Discount
142,Customer_142,UK,2024-05-21,Basic,499.0,Expired,55,11,47,4,0,At-Risk,1,0,0,1,55,Medium,274.45,259,Retention Team,3,Offer Discount
153,Customer_153,UK,2024-06-01,Premium,499.0,Active,81,6,17,4,0,At-Risk,1,0,0,1,55,Medium,274.45,260,Retention Team,3,Offer Discount
158,Customer_158,India,2024-06-06,Enterprise,499.0,Active,35,21,79,2,2,At-Risk,1,0,1,0,55,Medium,274.45,261,Retention Team,3,Offer Discount
160,Customer_160,UK,2024-06-08,Premium,499.0,Active,71,42,97,0,2,At-Risk,1,0,1,0,55,Medium,274.45,262,Retention Team,3,Offer Discount
171,Customer_171,USA,2024-06-19,Basic,499.0,Active,35,26,62,0,3,At-Risk,1,0,1,0,55,Medium,274.45,263,Retention Team,3,Offer Discount
190,Customer_190,UK,2024-07-08,Basic,499.0,Active,42,46,73,1,2,At-Risk,1,0,1,0,55,Medium,274.45,264,Retention Team,3,Offer Discount
191,Customer_191,India,2024-07-09,Enterprise,499.0,Expired,32,24,28,2,1,At-Risk,1,0,1,0,55,Medium,274.45,265,Retention Team,3,Offer Discount
206,Customer_206,UK,2024-07-24,Premium,499.0,Active,103,31,81,2,1,Churned,1,0,1,0,55,Medium,274.45,266,Retention Team,3,Offer Discount
214,Customer_214,India,2024-08-01,Premium,499.0,Active,44,38,75,1,3,At-Risk,1,0,1,0,55,Medium,274.45,267,Retention Team,3,Offer Discount
221,Customer_221,India,2024-08-08,Premium,499.0,Active,50,8,68,3,0,At-Risk,1,0,0,1,55,Medium,274.45,268,Retention Team,3,Offer Discount
223,Customer_223,USA,2024-08-10,Basic,499.0,Active,118,21,92,1,1,Churned,1,0,1,0,55,Medium,274.45,269,Retention Team,3,Offer Discount
228,Customer_228,UK,2024-08-15,Basic,499.0,Active,70,13,55,2,3,At-Risk,1,0,1,0,55,Medium,274.45,270,Retention Team,3,Offer Discount
243,Customer_243,UK,2024-08-30,Enterprise,499.0,Active,58,23,20,2,1,At-Risk,1,0,1,0,55,Medium,274.45,271,Retention Team,3,Offer Discount
252,Customer_252,UK,2024-09-08,Basic,499.0,Active,106,9,81,0,3,Churned,1,0,1,0,55,Medium,274.45,272,Retention Team,3,Offer Discount
262,Customer_262,USA,2024-09-18,Basic,499.0,Active,84,13,76,0,2,At-Risk,1,0,1,0,55,Medium,274.45,273,Retention Team,3,Offer Discount
270,Customer_270,India,2024-09-26,Enterprise,499.0,Active,104,29,52,0,3,Churned,1,0,1,0,55,Medium,274.45,274,Retention Team,3,Offer Discount
282,Customer_282,UK,2024-10-08,Basic,499.0,Active,82,29,92,1,3,At-Risk,1,0,1,0,55,Medium,274.45,275,Retention Team,3,Offer Discount
283,Customer_283,UK,2024-10-09,Premium,499.0,Expired,72,37,28,3,0,At-Risk,1,0,0,1,55,Medium,274.45,276,Retention Team,3,Offer Discount
284,Customer_284,USA,2024-10-10,Premium,499.0,Active,103,30,4,0,2,Churned,1,0,1,0,55,Medium,274.45,277,Retention Team,3,Offer Discount
285,Customer_285,India,2024-10-11,Enterprise,499.0,Active,32,35,22,4,0,At-Risk,1,0,0,1,55,Medium,274.45,278,Retention Team,3,Offer Discount
289,Customer_289,USA,2024-10-15,Basic,499.0,Active,76,35,86,3,0,At-Risk,1,0,0,1,55,Medium,274.45,279,Retention Team,3,Offer Discount
303,Customer_303,India,2024-10-29,Premium,499.0,Active,91,19,17,0,2,Churned,1,0,1,0,55,Medium,274.45,280,Retention Team,3,Offer Discount
318,Customer_318,USA,2024-11-13,Enterprise,499.0,Active,43,49,48,2,2,At-Risk,1,0,1,0,55,Medium,274.45,281,Retention Team,3,Offer Discount
327,Customer_327,India,2024-11-22,Enterprise,499.0,Active,49,44,8,2,2,At-Risk,1,0,1,0,55,Medium,274.45,282,Retention Team,3,Offer Discount
339,Customer_339,India,2024-12-04,Premium,499.0,Expired,67,9,88,1,1,At-Risk,1,0,1,0,55,Medium,274.45,283,Retention Team,3,Offer Discount
351,Customer_351,UK,2024-12-16,Premium,499.0,Active,35,35,39,2,1,At-Risk,1,0,1,0,55,Medium,274.45,284,Retention Team,3,Offer Discount
353,Customer_353,UK,2024-12-18,Premium,499.0,Active,78,40,64,0,2,At-Risk,1,0,1,0,55,Medium,274.45,285,Retention Team,3,Offer Discount
358,Customer_358,UK,2024-12-23,Basic,499.0,Active,66,23,46,4,0,At-Risk,1,0,0,1,55,Medium,274.45,286,Retention Team,3,Offer Discount
369,Customer_369,USA,2025-01-03,Enterprise,499.0,Active,110,6,33,0,3,Churned,1,0,1,0,55,Medium,274.45,287,Retention Team,3,Offer Discount
372,Customer_372,UK,2025-01-06,Premium,499.0,Active,99,13,92,2,1,Churned,1,0,1,0,55,Medium,274.45,288,Retention Team,3,Offer Discount
378,Customer_378,India,2025-01-12,Premium,499.0,Expired,98,24,87,1,3,Churned,1,0,1,0,55,Medium,274.45,289,Retention Team,3,Offer Discount
384,Customer_384,USA,2025-01-18,Basic,499.0,Active,79,35,84,2,1,At-Risk,1,0,1,0,55,Medium,274.45,290,Retention Team,3,Offer Discount
391,Customer_391,USA,2025-01-25,Basic,499.0,Active,92,49,36,4,0,Churned,1,0,0,1,55,Medium,274.45,291,Retention Team,3,Offer Discount
394,Customer_394,India,2025-01-28,Premium,499.0,Expired,78,6,28,2,1,At-Risk,1,0,1,0,55,Medium,274.45,292,Retention Team,3,Offer Discount
402,Customer_402,USA,2025-02-05,Basic,499.0,Active,93,14,2,1,3,Churned,1,0,1,0,55,Medium,274.45,293,Retention Team,3,Offer Discount
409,Customer_409,UK,2025-02-12,Premium,499.0,Active,115,13,77,0,3,Churned,1,0,1,0,55,Medium,274.45,294,Retention Team,3,Offer Discount
420,Customer_420,USA,2025-02-23,Enterprise,499.0,Active,79,18,27,2,1,At-Risk,1,0,1,0,55,Medium,274.45,295,Retention Team,3,Offer Discount
423,Customer_423,India,2025-02-26,Premium,499.0,Active,83,11,38,1,2,At-Risk,1,0,1,0,55,Medium,274.45,296,Retention Team,3,Offer Discount
430,Customer_430,UK,2025-03-05,Premium,499.0,Expired,110,21,41,0,2,Churned,1,0,1,0,55,Medium,274.45,297,Retention Team,3,Offer Discount
431,Customer_431,UK,2025-03-06,Enterprise,499.0,Expired,115,32,12,2,3,Churned,1,0,1,0,55,Medium,274.45,298,Retention Team,3,Offer Discount
435,Customer_435,USA,2025-03-10,Enterprise,499.0,Expired,97,27,45,0,2,Churned,1,0,1,0,55,Medium,274.45,299,Retention Team,3,Offer Discount
445,Customer_445,USA,2025-03-20,Enterprise,499.0,Active,52,5,38,1,2,At-Risk,1,0,1,0,55,Medium,274.45,300,Retention Team,3,Offer Discount
465,Customer_465,UK,2025-04-09,Basic,499.0,Active,55,37,63,0,1,At-Risk,1,0,1,0,55,Medium,274.45,301,Retention Team,3,Offer Discount
481,Customer_481,India,2025-04-25,Enterprise,499.0,Active,85,21,56,1,3,At-Risk,1,0,1,0,55,Medium,274.45,302,Retention Team,3,Offer Discount
482,Customer_482,USA,2025-04-26,Basic,499.0,Active,90,27,65,3,0,At-Risk,1,0,0,1,55,Medium,274.45,303,Retention Team,3,Offer Discount
483,Customer_483,USA,2025-04-27,Premium,499.0,Active,114,13,65,4,0,Churned,1,0,0,1,55,Medium,274.45,304,Retention Team,3,Offer Discount
485,Customer_485,India,2025-04-29,Basic,499.0,Active,85,40,20,2,1,At-Risk,1,0,1,0,55,Medium,274.45,305,Retention Team,3,Offer Discount
43,Customer_43,UK,2024-02-12,Enterprise,1999.0,Active,117,4,70,0,0,Churned,1,1,0,0,50,Medium,999.5,306,Retention Team,3,Offer Discount
76,Customer_76,USA,2024-03-16,Basic,1999.0,Active,4,31,9,4,3,Active,0,0,1,1,50,Medium,999.5,307,Retention Team,3,Offer Discount
81,Customer_81,UK,2024-03-21,Basic,1999.0,Active,7,31,44,4,1,Active,0,0,1,1,50,Medium,999.5,308,Retention Team,3,Offer Discount
114,Customer_114,UK,2024-04-23,Enterprise,1999.0,Active,9,31,17,4,3,Active,0,0,1,1,50,Medium,999.5,309,Retention Team,3,Offer Discount
316,Customer_316,USA,2024-11-11,Basic,1999.0,Active,35,4,14,1,0,At-Risk,1,1,0,0,50,Medium,999.5,310,Retention Team,3,Offer Discount
346,Customer_346,India,2024-12-11,Premium,1999.0,Active,21,38,51,3,1,Active,0,0,1,1,50,Medium,999.5,311,Retention Team,3,Offer Discount
375,Customer_375,USA,2025-01-09,Enterprise,1999.0,Active,25,15,25,3,2,Active,0,0,1,1,50,Medium,999.5,312,Retention Team,3,Offer Discount
404,Customer_404,UK,2025-02-07,Basic,1999.0,Active,2,6,29,3,1,Active,0,0,1,1,50,Medium,999.5,313,Retention Team,3,Offer Discount
457,Customer_457,USA,2025-04-01,Premium,1999.0,Active,27,15,98,3,2,Active,0,0,1,1,50,Medium,999.5,314,Retention Team,3,Offer Discount
460,Customer_460,India,2025-04-04,Basic,1999.0,Active,14,21,67,3,3,Active,0,0,1,1,50,Medium,999.5,315,Retention Team,3,Offer Discount
17,Customer_17,USA,2024-01-17,Enterprise,999.0,Expired,26,40,55,3,1,Active,0,0,1,1,50,Medium,499.5,316,Retention Team,3,Offer Discount
22,Customer_22,India,2024-01-22,Basic,999.0,Active,48,1,82,1,0,At-Risk,1,1,0,0,50,Medium,499.5,317,Retention Team,3,Offer Discount
45,Customer_45,India,2024-02-14,Enterprise,999.0,Active,25,43,32,3,1,Active,0,0,1,1,50,Medium,499.5,318,Retention Team,3,Offer Discount
226,Customer_226,USA,2024-08-13,Basic,999.0,Expired,3,11,86,4,1,Active,0,0,1,1,50,Medium,499.5,319,Retention Team,3,Offer Discount
229,Customer_229,UK,2024-08-16,Basic,999.0,Expired,2,13,16,4,3,Active,0,0,1,1,50,Medium,499.5,320,Retention Team,3,Offer Discount
288,Customer_288,USA,2024-10-14,Premium,999.0,Active,16,44,67,4,3,Active,0,0,1,1,50,Medium,499.5,321,Retention Team,3,Offer Discount
371,Customer_371,USA,2025-01-05,Enterprise,999.0,Active,3,27,90,3,1,Active,0,0,1,1,50,Medium,499.5,322,Retention Team,3,Offer Discount
440,Customer_440,UK,2025-03-15,Basic,999.0,Active,17,48,49,3,2,Active,0,0,1,1,50,Medium,499.5,323,Retention Team,3,Offer Discount
466,Customer_466,UK,2025-04-10,Premium,999.0,Active,2,9,23,4,2,Active,0,0,1,1,50,Medium,499.5,324,Retention Team,3,Offer Discount
478,Customer_478,USA,2025-04-22,Premium,999.0,Expired,5,39,7,4,1,Active,0,0,1,1,50,Medium,499.5,325,Retention Team,3,Offer Discount
18,Customer_18,USA,2024-01-18,Enterprise,499.0,Expired,25,16,9,3,1,Active,0,0,1,1,50,Medium,249.5,326,Retention Team,3,Offer Discount
68,Customer_68,USA,2024-03-08,Basic,499.0,Active,16,14,20,4,1,Active,0,0,1,1,50,Medium,249.5,327,Retention Team,3,Offer Discount
111,Customer_111,UK,2024-04-20,Enterprise,499.0,Active,21,30,23,3,2,Active,0,0,1,1,50,Medium,249.5,328,Retention Team,3,Offer Discount
130,Customer_130,USA,2024-05-09,Premium,499.0,Active,24,19,39,4,3,Active,0,0,1,1,50,Medium,249.5,329,Retention Team,3,Offer Discount
137,Customer_137,USA,2024-05-16,Basic,499.0,Active,18,34,63,3,3,Active,0,0,1,1,50,Medium,249.5,330,Retention Team,3,Offer Discount
138,Customer_138,UK,2024-05-17,Basic,499.0,Active,19,31,67,4,3,Active,0,0,1,1,50,Medium,249.5,331,Retention Team,3,Offer Discount
215,Customer_215,USA,2024-08-02,Premium,499.0,Expired,27,26,53,3,3,Active,0,0,1,1,50,Medium,249.5,332,Retention Team,3,Offer Discount
264,Customer_264,UK,2024-09-20,Premium,499.0,Active,16,23,76,4,1,Active,0,0,1,1,50,Medium,249.5,333,Retention Team,3,Offer Discount
296,Customer_296,USA,2024-10-22,Basic,499.0,Active,23,46,72,4,1,Active,0,0,1,1,50,Medium,249.5,334,Retention Team,3,Offer Discount
325,Customer_325,UK,2024-11-20,Enterprise,499.0,Active,12,5,46,4,3,Active,0,0,1,1,50,Medium,249.5,335,Retention Team,3,Offer Discount
436,Customer_436,USA,2025-03-11,Enterprise,499.0,Active,4,42,79,4,2,Active,0,0,1,1,50,Medium,249.5,336,Retention Team,3,Offer Discount
454,Customer_454,USA,2025-03-29,Enterprise,499.0,Expired,62,1,53,1,0,At-Risk,1,1,0,0,50,Medium,249.5,337,Retention Team,3,Offer Discount
238,Customer_238,USA,2024-08-25,Basic,1999.0,Active,30,3,50,2,1,Active,0,1,1,0,45,Medium,899.55,338,Retention Team,3,Offer Discount
240,Customer_240,UK,2024-08-27,Premium,1999.0,Active,8,3,21,2,3,Active,0,1,1,0,45,Medium,899.55,339,Retention Team,3,Offer Discount
333,Customer_333,India,2024-11-28,Premium,1999.0,Active,30,4,85,2,3,Active,0,1,1,0,45,Medium,899.55,340,Retention Team,3,Offer Discount
217,Customer_217,USA,2024-08-04,Premium,999.0,Active,21,1,59,1,3,Active,0,1,1,0,45,Medium,449.55,341,Retention Team,3,Offer Discount
260,Customer_260,India,2024-09-16,Enterprise,999.0,Active,12,3,47,3,0,Active,0,1,0,1,45,Medium,449.55,342,Retention Team,3,Offer Discount
267,Customer_267,UK,2024-09-23,Enterprise,999.0,Active,23,3,15,2,2,Active,0,1,1,0,45,Medium,449.55,343,Retention Team,3,Offer Discount
413,Customer_413,USA,2025-02-16,Basic,999.0,Active,10,4,51,1,3,Active,0,1,1,0,45,Medium,449.55,344,Retention Team,3,Offer Discount
54,Customer_54,India,2024-02-23,Basic,499.0,Expired,19,0,30,1,3,Active,0,1,1,0,45,Medium,224.55,345,Retention Team,3,Offer Discount
183,Customer_183,USA,2024-07-01,Premium,499.0,Active,24,2,22,0,2,Active,0,1,1,0,45,Medium,224.55,346,Retention Team,3,Offer Discount
200,Customer_200,India,2024-07-18,Premium,499.0,Active,3,4,14,4,0,Active,0,1,0,1,45,Medium,224.55,347,Retention Team,3,Offer Discount
319,Customer_319,USA,2024-11-14,Enterprise,499.0,Active,15,2,84,1,1,Active,0,1,1,0,45,Medium,224.55,348,Retention Team,3,Offer Discount
474,Customer_474,India,2025-04-18,Premium,499.0,Expired,10,3,34,1,2,Active,0,1,1,0,45,Medium,224.55,349,Retention Team,3,Offer Discount
64,Customer_64,USA,2024-03-04,Enterprise,1999.0,Active,111,30,3,1,0,Churned,1,0,0,0,30,Low,599.7,350,Retention Team,7,Monitor
106,Customer_106,UK,2024-04-15,Basic,1999.0,Active,47,26,47,0,0,At-Risk,1,0,0,0,30,Low,599.7,351,Retention Team,7,Monitor
124,Customer_124,UK,2024-05-03,Basic,1999.0,Active,49,39,34,2,0,At-Risk,1,0,0,0,30,Low,599.7,352,Retention Team,7,Monitor
140,Customer_140,India,2024-05-19,Enterprise,1999.0,Active,74,38,58,1,0,At-Risk,1,0,0,0,30,Low,599.7,353,Retention Team,7,Monitor
155,Customer_155,India,2024-06-03,Enterprise,1999.0,Expired,48,43,9,1,0,At-Risk,1,0,0,0,30,Low,599.7,354,Retention Team,7,Monitor
188,Customer_188,UK,2024-07-06,Basic,1999.0,Active,90,38,42,0,0,At-Risk,1,0,0,0,30,Low,599.7,355,Retention Team,7,Monitor
192,Customer_192,USA,2024-07-10,Basic,1999.0,Active,39,36,84,0,0,At-Risk,1,0,0,0,30,Low,599.7,356,Retention Team,7,Monitor
219,Customer_219,India,2024-08-06,Basic,1999.0,Active,102,47,94,2,0,Churned,1,0,0,0,30,Low,599.7,357,Retention Team,7,Monitor
220,Customer_220,India,2024-08-07,Enterprise,1999.0,Active,72,12,41,2,0,At-Risk,1,0,0,0,30,Low,599.7,358,Retention Team,7,Monitor
269,Customer_269,USA,2024-09-25,Basic,1999.0,Active,115,33,26,0,0,Churned,1,0,0,0,30,Low,599.7,359,Retention Team,7,Monitor
309,Customer_309,UK,2024-11-04,Basic,1999.0,Active,62,46,8,0,0,At-Risk,1,0,0,0,30,Low,599.7,360,Retention Team,7,Monitor
324,Customer_324,UK,2024-11-19,Premium,1999.0,Active,106,44,49,2,0,Churned,1,0,0,0,30,Low,599.7,361,Retention Team,7,Monitor
352,Customer_352,India,2024-12-17,Basic,1999.0,Active,82,5,13,1,0,At-Risk,1,0,0,0,30,Low,599.7,362,Retention Team,7,Monitor
361,Customer_361,USA,2024-12-26,Premium,1999.0,Expired,33,20,40,1,0,At-Risk,1,0,0,0,30,Low,599.7,363,Retention Team,7,Monitor
448,Customer_448,UK,2025-03-23,Enterprise,1999.0,Active,103,9,54,1,0,Churned,1,0,0,0,30,Low,599.7,364,Retention Team,7,Monitor
12,Customer_12,UK,2024-01-12,Premium,999.0,Active,66,41,92,0,0,At-Risk,1,0,0,0,30,Low,299.7,365,Retention Team,7,Monitor
28,Customer_28,UK,2024-01-28,Premium,999.0,Expired,43,39,2,0,0,At-Risk,1,0,0,0,30,Low,299.7,366,Retention Team,7,Monitor
34,Customer_34,USA,2024-02-03,Enterprise,999.0,Active,108,21,40,1,0,Churned,1,0,0,0,30,Low,299.7,367,Retention Team,7,Monitor
126,Customer_126,India,2024-05-05,Premium,999.0,Expired,91,24,99,0,0,Churned,1,0,0,0,30,Low,299.7,368,Retention Team,7,Monitor
145,Customer_145,India,2024-05-24,Enterprise,999.0,Active,47,17,63,2,0,At-Risk,1,0,0,0,30,Low,299.7,369,Retention Team,7,Monitor
149,Customer_149,India,2024-05-28,Premium,999.0,Active,98,7,53,2,0,Churned,1,0,0,0,30,Low,299.7,370,Retention Team,7,Monitor
151,Customer_151,USA,2024-05-30,Enterprise,999.0,Expired,119,39,14,0,0,Churned,1,0,0,0,30,Low,299.7,371,Retention Team,7,Monitor
175,Customer_175,UK,2024-06-23,Basic,999.0,Active,67,22,78,0,0,At-Risk,1,0,0,0,30,Low,299.7,372,Retention Team,7,Monitor
176,Customer_176,India,2024-06-24,Enterprise,999.0,Active,42,23,84,0,0,At-Risk,1,0,0,0,30,Low,299.7,373,Retention Team,7,Monitor
180,Customer_180,India,2024-06-28,Premium,999.0,Active,113,42,14,2,0,Churned,1,0,0,0,30,Low,299.7,374,Retention Team,7,Monitor
185,Customer_185,India,2024-07-03,Basic,999.0,Active,46,22,83,0,0,At-Risk,1,0,0,0,30,Low,299.7,375,Retention Team,7,Monitor
193,Customer_193,India,2024-07-11,Enterprise,999.0,Active,109,46,45,1,0,Churned,1,0,0,0,30,Low,299.7,376,Retention Team,7,Monitor
275,Customer_275,India,2024-10-01,Basic,999.0,Active,108,48,38,2,0,Churned,1,0,0,0,30,Low,299.7,377,Retention Team,7,Monitor
297,Customer_297,USA,2024-10-23,Basic,999.0,Active,114,10,87,1,0,Churned,1,0,0,0,30,Low,299.7,378,Retention Team,7,Monitor
299,Customer_299,USA,2024-10-25,Enterprise,999.0,Active,66,32,6,1,0,At-Risk,1,0,0,0,30,Low,299.7,379,Retention Team,7,Monitor
337,Customer_337,India,2024-12-02,Enterprise,999.0,Active,78,48,54,2,0,At-Risk,1,0,0,0,30,Low,299.7,380,Retention Team,7,Monitor
418,Customer_418,USA,2025-02-21,Basic,999.0,Active,31,23,84,1,0,At-Risk,1,0,0,0,30,Low,299.7,381,Retention Team,7,Monitor
462,Customer_462,India,2025-04-06,Premium,999.0,Active,101,23,44,1,0,Churned,1,0,0,0,30,Low,299.7,382,Retention Team,7,Monitor
5,Customer_5,India,2024-01-05,Basic,499.0,Active,46,17,69,2,0,At-Risk,1,0,0,0,30,Low,149.7,383,Retention Team,7,Monitor
24,Customer_24,USA,2024-01-24,Enterprise,499.0,Expired,79,28,60,1,0,At-Risk,1,0,0,0,30,Low,149.7,384,Retention Team,7,Monitor
25,Customer_25,India,2024-01-25,Basic,499.0,Active,44,32,84,2,0,At-Risk,1,0,0,0,30,Low,149.7,385,Retention Team,7,Monitor
87,Customer_87,UK,2024-03-27,Enterprise,499.0,Active,31,39,88,2,0,At-Risk,1,0,0,0,30,Low,149.7,386,Retention Team,7,Monitor
110,Customer_110,USA,2024-04-19,Premium,499.0,Expired,118,31,57,2,0,Churned,1,0,0,0,30,Low,149.7,387,Retention Team,7,Monitor
134,Customer_134,USA,2024-05-13,Premium,499.0,Active,39,45,1,0,0,At-Risk,1,0,0,0,30,Low,149.7,388,Retention Team,7,Monitor
159,Customer_159,India,2024-06-07,Enterprise,499.0,Active,92,21,82,2,0,Churned,1,0,0,0,30,Low,149.7,389,Retention Team,7,Monitor
197,Customer_197,UK,2024-07-15,Enterprise,499.0,Active,101,7,73,1,0,Churned,1,0,0,0,30,Low,149.7,390,Retention Team,7,Monitor
224,Customer_224,USA,2024-08-11,Basic,499.0,Active,44,41,8,0,0,At-Risk,1,0,0,0,30,Low,149.7,391,Retention Team,7,Monitor
225,Customer_225,India,2024-08-12,Basic,499.0,Active,58,25,2,1,0,At-Risk,1,0,0,0,30,Low,149.7,392,Retention Team,7,Monitor
230,Customer_230,UK,2024-08-17,Premium,499.0,Active,87,33,93,2,0,At-Risk,1,0,0,0,30,Low,149.7,393,Retention Team,7,Monitor
233,Customer_233,UK,2024-08-20,Premium,499.0,Active,102,15,30,0,0,Churned,1,0,0,0,30,Low,149.7,394,Retention Team,7,Monitor
401,Customer_401,USA,2025-02-04,Enterprise,499.0,Active,32,23,39,0,0,At-Risk,1,0,0,0,30,Low,149.7,395,Retention Team,7,Monitor
438,Customer_438,India,2025-03-13,Enterprise,499.0,Active,103,38,85,0,0,Churned,1,0,0,0,30,Low,149.7,396,Retention Team,7,Monitor
484,Customer_484,USA,2025-04-28,Basic,499.0,Active,109,26,47,1,0,Churned,1,0,0,0,30,Low,149.7,397,Retention Team,7,Monitor
489,Customer_489,UK,2025-05-03,Basic,499.0,Active,45,48,60,2,0,At-Risk,1,0,0,0,30,Low,149.7,398,Retention Team,7,Monitor
9,Customer_9,UK,2024-01-09,Premium,1999.0,Active,26,28,74,1,3,Active,0,0,1,0,25,Low,499.75,399,Retention Team,7,Monitor
20,Customer_20,USA,2024-01-20,Enterprise,1999.0,Active,5,40,15,2,3,Active,0,0,1,0,25,Low,499.75,400,Retention Team,7,Monitor
63,Customer_63,USA,2024-03-03,Basic,1999.0,Active,29,39,25,0,1,Active,0,0,1,0,25,Low,499.75,401,Retention Team,7,Monitor
86,Customer_86,USA,2024-03-26,Basic,1999.0,Active,13,7,85,2,1,Active,0,0,1,0,25,Low,499.75,402,Retention Team,7,Monitor
100,Customer_100,India,2024-04-09,Basic,1999.0,Active,7,24,85,1,1,Active,0,0,1,0,25,Low,499.75,403,Retention Team,7,Monitor
102,Customer_102,UK,2024-04-11,Enterprise,1999.0,Active,1,9,52,1,3,Active,0,0,1,0,25,Low,499.75,404,Retention Team,7,Monitor
107,Customer_107,India,2024-04-16,Premium,1999.0,Expired,13,39,82,2,2,Active,0,0,1,0,25,Low,499.75,405,Retention Team,7,Monitor
118,Customer_118,UK,2024-04-27,Enterprise,1999.0,Active,10,14,15,4,0,Active,0,0,0,1,25,Low,499.75,406,Retention Team,7,Monitor
125,Customer_125,UK,2024-05-04,Basic,1999.0,Active,26,13,66,1,1,Active,0,0,1,0,25,Low,499.75,407,Retention Team,7,Monitor
154,Customer_154,UK,2024-06-02,Enterprise,1999.0,Expired,22,22,39,1,1,Active,0,0,1,0,25,Low,499.75,408,Retention Team,7,Monitor
218,Customer_218,UK,2024-08-05,Basic,1999.0,Active,8,40,78,0,3,Active,0,0,1,0,25,Low,499.75,409,Retention Team,7,Monitor
232,Customer_232,India,2024-08-19,Basic,1999.0,Active,2,10,48,0,1,Active,0,0,1,0,25,Low,499.75,410,Retention Team,7,Monitor
256,Customer_256,UK,2024-09-12,Enterprise,1999.0,Active,16,44,65,2,1,Active,0,0,1,0,25,Low,499.75,411,Retention Team,7,Monitor
257,Customer_257,USA,2024-09-13,Basic,1999.0,Active,12,19,8,2,1,Active,0,0,1,0,25,Low,499.75,412,Retention Team,7,Monitor
278,Customer_278,UK,2024-10-04,Basic,1999.0,Active,21,21,51,0,1,Active,0,0,1,0,25,Low,499.75,413,Retention Team,7,Monitor
338,Customer_338,USA,2024-12-03,Enterprise,1999.0,Active,6,20,9,2,1,Active,0,0,1,0,25,Low,499.75,414,Retention Team,7,Monitor
343,Customer_343,UK,2024-12-08,Enterprise,1999.0,Active,14,25,17,2,1,Active,0,0,1,0,25,Low,499.75,415,Retention Team,7,Monitor
350,Customer_350,UK,2024-12-15,Basic,1999.0,Active,2,23,41,0,1,Active,0,0,1,0,25,Low,499.75,416,Retention Team,7,Monitor
354,Customer_354,India,2024-12-19,Basic,1999.0,Expired,20,45,11,1,2,Active,0,0,1,0,25,Low,499.75,417,Retention Team,7,Monitor
383,Customer_383,India,2025-01-17,Basic,1999.0,Active,25,44,47,1,3,Active,0,0,1,0,25,Low,499.75,418,Retention Team,7,Monitor
406,Customer_406,UK,2025-02-09,Basic,1999.0,Active,23,41,66,0,3,Active,0,0,1,0,25,Low,499.75,419,Retention Team,7,Monitor
428,Customer_428,India,2025-03-03,Basic,1999.0,Active,28,41,2,2,1,Active,0,0,1,0,25,Low,499.75,420,Retention Team,7,Monitor
456,Customer_456,UK,2025-03-31,Premium,1999.0,Active,7,33,60,1,1,Active,0,0,1,0,25,Low,499.75,421,Retention Team,7,Monitor
469,Customer_469,India,2025-04-13,Premium,1999.0,Active,21,31,32,2,1,Active,0,0,1,0,25,Low,499.75,422,Retention Team,7,Monitor
473,Customer_473,UK,2025-04-17,Enterprise,1999.0,Active,21,25,39,2,3,Active,0,0,1,0,25,Low,499.75,423,Retention Team,7,Monitor
7,Customer_7,UK,2024-01-07,Basic,999.0,Active,3,34,11,2,2,Active,0,0,1,0,25,Low,249.75,424,Retention Team,7,Monitor
14,Customer_14,UK,2024-01-14,Basic,999.0,Active,28,41,36,1,1,Active,0,0,1,0,25,Low,249.75,425,Retention Team,7,Monitor
19,Customer_19,USA,2024-01-19,Basic,999.0,Active,12,8,47,1,2,Active,0,0,1,0,25,Low,249.75,426,Retention Team,7,Monitor
27,Customer_27,India,2024-01-27,Enterprise,999.0,Active,15,49,12,2,2,Active,0,0,1,0,25,Low,249.75,427,Retention Team,7,Monitor
38,Customer_38,UK,2024-02-07,Premium,999.0,Active,23,16,8,1,3,Active,0,0,1,0,25,Low,249.75,428,Retention Team,7,Monitor
62,Customer_62,India,2024-03-02,Premium,999.0,Active,27,20,69,3,0,Active,0,0,0,1,25,Low,249.75,429,Retention Team,7,Monitor
65,Customer_65,USA,2024-03-05,Enterprise,999.0,Active,28,45,97,0,1,Active,0,0,1,0,25,Low,249.75,430,Retention Team,7,Monitor
115,Customer_115,India,2024-04-24,Enterprise,999.0,Active,26,33,69,0,2,Active,0,0,1,0,25,Low,249.75,431,Retention Team,7,Monitor
116,Customer_116,USA,2024-04-25,Basic,999.0,Active,9,10,11,2,1,Active,0,0,1,0,25,Low,249.75,432,Retention Team,7,Monitor
131,Customer_131,UK,2024-05-10,Basic,999.0,Active,19,20,70,4,0,Active,0,0,0,1,25,Low,249.75,433,Retention Team,7,Monitor
152,Customer_152,India,2024-05-31,Basic,999.0,Active,21,45,76,4,0,Active,0,0,0,1,25,Low,249.75,434,Retention Team,7,Monitor
163,Customer_163,USA,2024-06-11,Basic,999.0,Expired,10,27,23,4,0,Active,0,0,0,1,25,Low,249.75,435,Retention Team,7,Monitor
168,Customer_168,India,2024-06-16,Enterprise,999.0,Active,25,28,38,1,3,Active,0,0,1,0,25,Low,249.75,436,Retention Team,7,Monitor
174,Customer_174,USA,2024-06-22,Premium,999.0,Active,18,14,30,1,3,Active,0,0,1,0,25,Low,249.75,437,Retention Team,7,Monitor
211,Customer_211,India,2024-07-29,Premium,999.0,Active,2,9,52,0,3,Active,0,0,1,0,25,Low,249.75,438,Retention Team,7,Monitor
241,Customer_241,India,2024-08-28,Premium,999.0,Active,22,19,69,2,2,Active,0,0,1,0,25,Low,249.75,439,Retention Team,7,Monitor
258,Customer_258,India,2024-09-14,Premium,999.0,Active,17,16,45,1,3,Active,0,0,1,0,25,Low,249.75,440,Retention Team,7,Monitor
259,Customer_259,UK,2024-09-15,Enterprise,999.0,Active,16,6,87,3,0,Active,0,0,0,1,25,Low,249.75,441,Retention Team,7,Monitor
281,Customer_281,UK,2024-10-07,Basic,999.0,Active,22,11,71,2,1,Active,0,0,1,0,25,Low,249.75,442,Retention Team,7,Monitor
311,Customer_311,India,2024-11-06,Basic,999.0,Expired,26,10,65,0,1,Active,0,0,1,0,25,Low,249.75,443,Retention Team,7,Monitor
315,Customer_315,UK,2024-11-10,Basic,999.0,Active,6,15,40,1,1,Active,0,0,1,0,25,Low,249.75,444,Retention Team,7,Monitor
336,Customer_336,India,2024-12-01,Enterprise,999.0,Active,30,19,62,1,3,Active,0,0,1,0,25,Low,249.75,445,Retention Team,7,Monitor
345,Customer_345,India,2024-12-10,Enterprise,999.0,Active,15,38,21,2,1,Active,0,0,1,0,25,Low,249.75,446,Retention Team,7,Monitor
356,Customer_356,UK,2024-12-21,Premium,999.0,Expired,10,30,11,2,2,Active,0,0,1,0,25,Low,249.75,447,Retention Team,7,Monitor
357,Customer_357,India,2024-12-22,Premium,999.0,Active,25,19,77,2,1,Active,0,0,1,0,25,Low,249.75,448,Retention Team,7,Monitor
364,Customer_364,USA,2024-12-29,Enterprise,999.0,Active,14,43,72,3,0,Active,0,0,0,1,25,Low,249.75,449,Retention Team,7,Monitor
376,Customer_376,USA,2025-01-10,Enterprise,999.0,Expired,13,30,91,0,2,Active,0,0,1,0,25,Low,249.75,450,Retention Team,7,Monitor
379,Customer_379,India,2025-01-13,Basic,999.0,Active,8,12,30,0,2,Active,0,0,1,0,25,Low,249.75,451,Retention Team,7,Monitor
380,Customer_380,UK,2025-01-14,Premium,999.0,Active,21,5,47,1,2,Active,0,0,1,0,25,Low,249.75,452,Retention Team,7,Monitor
395,Customer_395,India,2025-01-29,Premium,999.0,Active,20,5,40,1,1,Active,0,0,1,0,25,Low,249.75,453,Retention Team,7,Monitor
400,Customer_400,UK,2025-02-03,Basic,999.0,Active,6,19,41,0,2,Active,0,0,1,0,25,Low,249.75,454,Retention Team,7,Monitor
410,Customer_410,USA,2025-02-13,Enterprise,999.0,Active,5,36,10,0,1,Active,0,0,1,0,25,Low,249.75,455,Retention Team,7,Monitor
437,Customer_437,UK,2025-03-12,Premium,999.0,Active,4,40,90,2,3,Active,0,0,1,0,25,Low,249.75,456,Retention Team,7,Monitor
44,Customer_44,India,2024-02-13,Basic,499.0,Active,15,31,19,2,2,Active,0,0,1,0,25,Low,124.75,457,Retention Team,7,Monitor
52,Customer_52,India,2024-02-21,Basic,499.0,Active,13,22,63,1,3,Active,0,0,1,0,25,Low,124.75,458,Retention Team,7,Monitor
67,Customer_67,USA,2024-03-07,Basic,499.0,Expired,8,10,25,1,1,Active,0,0,1,0,25,Low,124.75,459,Retention Team,7,Monitor
72,Customer_72,USA,2024-03-12,Basic,499.0,Active,18,42,99,2,1,Active,0,0,1,0,25,Low,124.75,460,Retention Team,7,Monitor
109,Customer_109,India,2024-04-18,Enterprise,499.0,Expired,22,12,75,0,1,Active,0,0,1,0,25,Low,124.75,461,Retention Team,7,Monitor
162,Customer_162,UK,2024-06-10,Basic,499.0,Active,11,21,91,3,0,Active,0,0,0,1,25,Low,124.75,462,Retention Team,7,Monitor
186,Customer_186,India,2024-07-04,Basic,499.0,Expired,19,28,51,2,2,Active,0,0,1,0,25,Low,124.75,463,Retention Team,7,Monitor
208,Customer_208,UK,2024-07-26,Enterprise,499.0,Active,13,33,9,0,3,Active,0,0,1,0,25,Low,124.75,464,Retention Team,7,Monitor
254,Customer_254,India,2024-09-10,Basic,499.0,Expired,30,45,88,2,1,Active,0,0,1,0,25,Low,124.75,465,Retention Team,7,Monitor
261,Customer_261,India,2024-09-17,Basic,499.0,Active,8,28,40,0,3,Active,0,0,1,0,25,Low,124.75,466,Retention Team,7,Monitor
341,Customer_341,India,2024-12-06,Premium,499.0,Active,7,35,49,0,3,Active,0,0,1,0,25,Low,124.75,467,Retention Team,7,Monitor
415,Customer_415,USA,2025-02-18,Basic,499.0,Expired,2,22,39,4,0,Active,0,0,0,1,25,Low,124.75,468,Retention Team,7,Monitor
416,Customer_416,India,2025-02-19,Basic,499.0,Active,11,25,28,1,2,Active,0,0,1,0,25,Low,124.75,469,Retention Team,7,Monitor
432,Customer_432,UK,2025-03-07,Enterprise,499.0,Active,7,16,35,2,3,Active,0,0,1,0,25,Low,124.75,470,Retention Team,7,Monitor
464,Customer_464,India,2025-04-08,Basic,499.0,Active,5,39,41,1,1,Active,0,0,1,0,25,Low,124.75,471,Retention Team,7,Monitor
480,Customer_480,UK,2025-04-24,Enterprise,499.0,Active,13,14,37,0,2,Active,0,0,1,0,25,Low,124.75,472,Retention Team,7,Monitor
73,Customer_73,USA,2024-03-13,Enterprise,1999.0,Active,2,4,61,2,0,Active,0,1,0,0,20,Low,399.8,473,Retention Team,7,Monitor
6,Customer_6,India,2024-01-06,Basic,1999.0,Active,9,39,51,0,0,Active,0,0,0,0,0,Low,0.0,474,Retention Team,7,Monitor
37,Customer_37,UK,2024-02-06,Basic,499.0,Active,21,14,1,2,0,Active,0,0,0,0,0,Low,0.0,475,Retention Team,7,Monitor
49,Customer_49,USA,2024-02-18,Basic,1999.0,Active,15,7,46,2,0,Active,0,0,0,0,0,Low,0.0,476,Retention Team,7,Monitor
51,Customer_51,USA,2024-02-20,Basic,999.0,Active,21,7,1,2,0,Active,0,0,0,0,0,Low,0.0,477,Retention Team,7,Monitor
71,Customer_71,UK,2024-03-11,Enterprise,999.0,Active,30,27,5,1,0,Active,0,0,0,0,0,Low,0.0,478,Retention Team,7,Monitor
117,Customer_117,India,2024-04-26,Enterprise,499.0,Active,15,9,94,2,0,Active,0,0,0,0,0,Low,0.0,479,Retention Team,7,Monitor
122,Customer_122,UK,2024-05-01,Premium,999.0,Active,24,8,84,1,0,Active,0,0,0,0,0,Low,0.0,480,Retention Team,7,Monitor
157,Customer_157,UK,2024-06-05,Premium,1999.0,Active,15,10,77,0,0,Active,0,0,0,0,0,Low,0.0,481,Retention Team,7,Monitor
169,Customer_169,India,2024-06-17,Basic,1999.0,Active,2,20,14,2,0,Active,0,0,0,0,0,Low,0.0,482,Retention Team,7,Monitor
172,Customer_172,USA,2024-06-20,Enterprise,1999.0,Active,7,49,35,0,0,Active,0,0,0,0,0,Low,0.0,483,Retention Team,7,Monitor
213,Customer_213,UK,2024-07-31,Basic,1999.0,Active,5,45,14,2,0,Active,0,0,0,0,0,Low,0.0,484,Retention Team,7,Monitor
265,Customer_265,USA,2024-09-21,Basic,499.0,Active,30,36,46,2,0,Active,0,0,0,0,0,Low,0.0,485,Retention Team,7,Monitor
272,Customer_272,USA,2024-09-28,Basic,1999.0,Active,5,18,22,0,0,Active,0,0,0,0,0,Low,0.0,486,Retention Team,7,Monitor
277,Customer_277,UK,2024-10-03,Enterprise,1999.0,Expired,30,18,29,1,0,Active,0,0,0,0,0,Low,0.0,487,Retention Team,7,Monitor
293,Customer_293,UK,2024-10-19,Basic,999.0,Active,14,17,91,0,0,Active,0,0,0,0,0,Low,0.0,488,Retention Team,7,Monitor
310,Customer_310,India,2024-11-05,Premium,999.0,Active,23,13,83,2,0,Active,0,0,0,0,0,Low,0.0,489,Retention Team,7,Monitor
317,Customer_317,USA,2024-11-12,Enterprise,499.0,Expired,22,9,35,0,0,Active,0,0,0,0,0,Low,0.0,490,Retention Team,7,Monitor
359,Customer_359,USA,2024-12-24,Premium,1999.0,Active,25,24,45,2,0,Active,0,0,0,0,0,Low,0.0,491,Retention Team,7,Monitor
374,Customer_374,USA,2025-01-08,Enterprise,499.0,Active,6,15,8,1,0,Active,0,0,0,0,0,Low,0.0,492,Retention Team,7,Monitor
388,Customer_388,USA,2025-01-22,Premium,999.0,Expired,12,42,68,0,0,Active,0,0,0,0,0,Low,0.0,493,Retention Team,7,Monitor
392,Customer_392,UK,2025-01-26,Basic,499.0,Active,13,32,82,2,0,Active,0,0,0,0,0,Low,0.0,494,Retention Team,7,Monitor
396,Customer_396,USA,2025-01-30,Premium,999.0,Active,18,14,84,2,0,Active,0,0,0,0,0,Low,0.0,495,Retention Team,7,Monitor
424,Customer_424,India,2025-02-27,Premium,1999.0,Active,9,40,3,2,0,Active,0,0,0,0,0,Low,0.0,496,Retention Team,7,Monitor
426,Customer_426,UK,2025-03-01,Premium,1999.0,Active,21,49,94,2,0,Active,0,0,0,0,0,Low,0.0,497,Retention Team,7,Monitor
434,Customer_434,USA,2025-03-09,Enterprise,999.0,Active,16,33,55,0,0,Active,0,0,0,0,0,Low,0.0,498,Retention Team,7,Monitor
496,Customer_496,USA,2025-05-10,Premium,999.0,Active,11,41,11,2,0,Active,0,0,0,0,0,Low,0.0,499,Retention Team,7,Monitor
498,Customer_498,India,2025-05-12,Enterprise,999.0,Active,21,5,38,0,0,Active,0,0,0,0,0,Low,0.0,500,Retention Team,7,Monitor
